﻿Username,First name,Last name,Display name,Job title,Department,Office number,Office phone,Mobile phone,Fax,Alternate email address,Address,City,State or province,ZIP or postal code,Country or region
user1@matriz365.cf,User1,1,User 1,Gerente,TI,123451,123-555-1211,123-555-6641,123-555-9821,user1@matriz365.cf,1 Rua x,Bairro x,SP,98052,Brasil
user2@matriz365.cf,User2,2,User 2,Gerente,TI,123451,123-555-1211,123-555-6641,123-555-9821,user2@matriz365.cf,1 Rua x,Bairro x,SP,98052,Brasil
user3@matriz365.cf,User3,3,User 3,Vendendor,Vendas,123451,123-555-1211,123-555-6641,123-555-9821,user3@matriz365.cf,1 Rua x,Bairro x,SP,98052,Brasil
user4@matriz365.cf,User4,4,User 4,Vendendor,Vendas,123451,123-555-1211,123-555-6641,123-555-9821,user4@matriz365.cf,1 Rua x,Bairro x,SP,98052,Brasil
user5@matriz365.cf,User5,5,User 5,Vendendor,Vendas,123451,123-555-1211,123-555-6641,123-555-9821,user5@matriz365.cf,1 Rua x,Bairro x,SP,98052,Brasil